<?xml version="1.0" encoding="UTF-8" standalone="yes"?>
<addon id="repository.tempest" name="Tempest Repo" version="0.0.6" provider-name="Tempest">
	<extension point="xbmc.addon.repository" name="Tempest Repo">
        <dir>
            <info compressed="false">https://raw.githubusercontent.com/Tempest0580/tempest/master/zips/addons.xml</info>
	        <checksum>https://raw.githubusercontent.com/Tempest0580/tempest/master/zips/addons.xml.md5</checksum>
	        <datadir zip="true">https://raw.githubusercontent.com/Tempest0580/tempest/master/zips/</datadir>
        </dir>

        <dir>
            <info compressed="false">https://raw.githubusercontent.com/Tempest0580/temptv/master/zips/addons.xml</info>
	        <checksum>https://raw.githubusercontent.com/Tempest0580/temptv/master/zips/addons.xml.md5</checksum>
	        <datadir zip="true">https://raw.githubusercontent.com/Tempest0580/temptv/master/zips/</datadir>
        </dir>

        <dir>
            <info compressed="false">https://raw.githubusercontent.com/Tempest0580/temptv/master/zips/addons.xml</info>
	        <checksum>https://raw.githubusercontent.com/Tempest0580/temptv/master/zips/addons.xml.md5</checksum>
	        <datadir zip="true">https://raw.githubusercontent.com/Tempest0580/temptv/master/zips/</datadir>
        </dir>

        <dir>
            <info compressed="false">https://raw.githubusercontent.com/Gujal00/smrzips/master/addons.xml</info>
            <checksum>https://raw.githubusercontent.com/Gujal00/smrzips/master/addons.xml.md5</checksum>
            <datadir zip="true">https://raw.githubusercontent.com/Gujal00/smrzips/master/zips/</datadir>
        </dir>
	</extension>
	<extension point="xbmc.addon.metadata">
		<summary lang="en">kodi addon</summary>
		<description lang="en">Watch Movies and Tv Shows</description>
		<genre>movies,tvshows,usa</genre>
	</extension>
</addon>
