<?xml version="1.0" encoding="UTF-8" standalone="yes"?>
<addon id="plugin.video.tempestlite" version="1.0.0" name="Tempest Lite" provider-name="Tempest">
	<requires>
		<import addon="xbmc.python" version="2.19.0" />
		<import addon="script.tempestlite.artwork" />
		<import addon="script.tempestlite.metadata" />
		<import addon="script.module.urlresolver" />
		<import addon="script.module.requests" />
		<import addon="script.module.metahandler" />
		<import addon="script.module.beautifulsoup4" />
		<import addon="plugin.video.youtube"/>
	</requires>
	<extension point="xbmc.python.pluginsource" library="tempestlite.py">
		<provides>video</provides>
	</extension>
	<extension point="xbmc.service" library="service.py" start="startup" />
	<extension point="xbmc.addon.metadata">
		<description lang="en">[I][B]Tempest Lite Movies and TV[/B][/I][CR][CR]This is a Lite version of Tempest for those who don't use Premium Services. This addon does not form part of the Kodi Media Centre. Please do not seek assistance with this addon from any of the Official Kodi Support Channels.[CR][CR]The author does not host any of the content in this addon and takes no responsibility for content found.</description>
		<platform>all</platform>
		<license>GNU GENERAL PUBLIC LICENSE. Version 3, 29 June 2007</license>
		<disclaimer lang="en">The author of this addon do not host any of the content which is found and have no affiliation with any of the content providers. This addon simply searches websites for content. Use at your own risk!</disclaimer>
		<assets>
			<icon>icon.png</icon>
			<fanart>fanart.jpg</fanart>
		</assets>
		<news>
			v1.0.0 - Initial version.
		</news>
	</extension>
</addon>
