<?xml version="1.0" encoding="UTF-8" standalone="yes"?>
<addon id="plugin.video.tempest" version="5.0.38" name="Tempest" provider-name="Tempest">
	<requires>
		<import addon="xbmc.python" version="2.19.0" />
		<import addon="script.tempest.artwork" />
		<import addon="script.tempest.metadata" />
		<import addon="script.module.resolveurl" />
		<import addon="script.module.requests" />
		<import addon="script.module.metahandler" />
		<import addon="script.module.beautifulsoup4" />
		<import addon="plugin.video.youtube"/>
	</requires>
	<extension point="xbmc.python.pluginsource" library="tempest.py">
		<provides>video</provides>
	</extension>
	<extension point="xbmc.service" library="service.py" start="startup" />
	<extension point="xbmc.addon.metadata">
		<description lang="en">[I][B]Tempest Movies and TV[/B][/I][CR][CR]This addon does not form part of the Kodi Media Centre. Please do not seek assistance with this addon from any of the Official Kodi Support Channels.[CR][CR]The author does not host any of the content in this addon and takes no responsibility for content found.</description>
		<platform>all</platform>
		<license>GNU GENERAL PUBLIC LICENSE. Version 3, 29 June 2007</license>
		<disclaimer lang="en">The author of this addon do not host any of the content which is found and have no affiliation with any of the content providers. This addon simply searches websites for content. Use at your own risk!</disclaimer>
		<assets>
			<icon>icon.png</icon>
			<fanart>fanart.jpg</fanart>
		</assets>
		<news>
			v5.0.38
- If your using Cached Torrents of RD Check you will need to turn them on again
- Fixed UstvGo (Quick and dirty fix, May not last)
- Scrapers Added/Updated/Removed Dead
- Updated Arconaitv Channels
- Added some channels for Yoursports
- Clear all Cache and Providers after each update is Advised
		</news>
	</extension>
</addon>
